city,job_title,month,job_count,avg_salary
Philadelphia,Data Analyst,2023-01-01,45,97659.0826517204
Philadelphia,Data Analyst,2023-02-01,42,96517.19825982582
Philadelphia,Data Analyst,2023-03-01,36,99903.59697828536
Philadelphia,Data Analyst,2023-04-01,43,90479.56965537742
Philadelphia,Data Analyst,2023-05-01,44,105454.95481579565
Philadelphia,Data Analyst,2023-06-01,28,98854.1438577231
Philadelphia,Data Analyst,2023-07-01,34,98441.47119135596
Philadelphia,Data Analyst,2023-08-01,39,90028.13863917254
Philadelphia,Data Analyst,2023-09-01,54,102609.55248051324
Philadelphia,Data Analyst,2023-10-01,37,97078.2042107312
Philadelphia,Data Analyst,2023-11-01,31,102998.39383608197
Philadelphia,Data Analyst,2023-12-01,26,88647.51769776922
Philadelphia,Data Analyst,2024-01-01,52,103736.97102209555
Philadelphia,Data Analyst,2024-02-01,39,93003.46472498497
Philadelphia,Data Analyst,2024-03-01,32,93265.58308303356
Philadelphia,Data Analyst,2024-04-01,43,100292.8204096388
Philadelphia,Data Analyst,2024-05-01,34,106238.31733677072
Philadelphia,Data Analyst,2024-06-01,28,87886.46986184176
Philadelphia,Data Analyst,2024-07-01,31,94606.54460429214
Philadelphia,Data Analyst,2024-08-01,40,95921.39163566753
Philadelphia,Product Manager,2023-01-01,45,77342.87803424522
Philadelphia,Product Manager,2023-02-01,32,81302.40423744544
Philadelphia,Product Manager,2023-03-01,32,84549.62969971822
Philadelphia,Product Manager,2023-04-01,36,79982.92692918332
Philadelphia,Product Manager,2023-05-01,32,84274.03574204072
Philadelphia,Product Manager,2023-06-01,29,82014.33488326147
Philadelphia,Product Manager,2023-07-01,27,72350.59050433338
Philadelphia,Product Manager,2023-08-01,28,72590.77609693632
Philadelphia,Product Manager,2023-09-01,38,73184.47011541575
Philadelphia,Product Manager,2023-10-01,26,76957.68819339573
Philadelphia,Product Manager,2023-11-01,25,71560.62110876665
Philadelphia,Product Manager,2023-12-01,24,73690.96801634878
Philadelphia,Product Manager,2024-01-01,42,79125.51940055564
Philadelphia,Product Manager,2024-02-01,34,76442.63918269426
Philadelphia,Product Manager,2024-03-01,24,79021.25993845984
Philadelphia,Product Manager,2024-04-01,30,83142.13250773028
Philadelphia,Product Manager,2024-05-01,33,80216.97558397429
Philadelphia,Product Manager,2024-06-01,24,76307.380526606
Philadelphia,Product Manager,2024-07-01,25,81269.4457339123
Philadelphia,Product Manager,2024-08-01,24,71897.65554042533
Philadelphia,UX Researcher,2023-01-01,22,49645.67643608898
Philadelphia,UX Researcher,2023-02-01,19,52976.216099783785
Philadelphia,UX Researcher,2023-03-01,19,48465.92205967754
Philadelphia,UX Researcher,2023-04-01,19,55675.67448336632
Philadelphia,UX Researcher,2023-05-01,17,55616.48724041879
Philadelphia,UX Researcher,2023-06-01,15,51770.0228502974
Philadelphia,UX Researcher,2023-07-01,16,54846.398073248565
Philadelphia,UX Researcher,2023-08-01,18,49872.16083724052
Philadelphia,UX Researcher,2023-09-01,25,47482.53236301243
Philadelphia,UX Researcher,2023-10-01,23,51381.5444983542
Philadelphia,UX Researcher,2023-11-01,11,51605.82812167704
Philadelphia,UX Researcher,2023-12-01,14,50345.717449858785
Philadelphia,UX Researcher,2024-01-01,29,48725.459314510226
Philadelphia,UX Researcher,2024-02-01,17,52072.776359319694
Philadelphia,UX Researcher,2024-03-01,20,46999.58671871573
Philadelphia,UX Researcher,2024-04-01,18,54846.334810741246
Philadelphia,UX Researcher,2024-05-01,17,52620.51682397723
Philadelphia,UX Researcher,2024-06-01,20,53471.21144775301
Philadelphia,UX Researcher,2024-07-01,21,51671.69403396547
Philadelphia,UX Researcher,2024-08-01,17,49703.927630744874
Philadelphia,Program Manager,2023-01-01,35,64495.8154144697
Philadelphia,Program Manager,2023-02-01,21,68805.59844244272
Philadelphia,Program Manager,2023-03-01,24,66112.35249228777
Philadelphia,Program Manager,2023-04-01,23,63631.86681596563
Philadelphia,Program Manager,2023-05-01,28,69046.08554532751
Philadelphia,Program Manager,2023-06-01,22,62641.32022066042
Philadelphia,Program Manager,2023-07-01,25,66058.81539685652
Philadelphia,Program Manager,2023-08-01,25,64421.35645309463
Philadelphia,Program Manager,2023-09-01,39,61994.4448475726
Philadelphia,Program Manager,2023-10-01,24,65717.30366209522
Philadelphia,Program Manager,2023-11-01,19,61506.00149622188
Philadelphia,Program Manager,2023-12-01,18,65562.02767393552
Philadelphia,Program Manager,2024-01-01,35,64318.41183523648
Philadelphia,Program Manager,2024-02-01,20,60193.745779572055
Philadelphia,Program Manager,2024-03-01,25,66582.43777579628
Philadelphia,Program Manager,2024-04-01,22,65623.92568239012
Philadelphia,Program Manager,2024-05-01,24,60440.1747782249
Philadelphia,Program Manager,2024-06-01,24,65774.09630012698
Philadelphia,Program Manager,2024-07-01,21,64049.51249388978
Philadelphia,Program Manager,2024-08-01,19,64320.49127900973
Philadelphia,Policy Analyst,2023-01-01,23,55466.26562476158
Philadelphia,Policy Analyst,2023-02-01,21,54283.70774053038
Philadelphia,Policy Analyst,2023-03-01,19,51551.62225756794
Philadelphia,Policy Analyst,2023-04-01,22,52221.1483348161
Philadelphia,Policy Analyst,2023-05-01,17,49321.55360709876
Philadelphia,Policy Analyst,2023-06-01,18,47588.952680677176
Philadelphia,Policy Analyst,2023-07-01,21,50869.46894899011
Philadelphia,Policy Analyst,2023-08-01,21,46936.32544633001
Philadelphia,Policy Analyst,2023-09-01,32,55821.9944735989
Philadelphia,Policy Analyst,2023-10-01,17,57123.203006386764
Philadelphia,Policy Analyst,2023-11-01,12,54172.09603749216
Philadelphia,Policy Analyst,2023-12-01,15,55397.841099277146
Philadelphia,Policy Analyst,2024-01-01,24,56075.72120297701
Philadelphia,Policy Analyst,2024-02-01,21,52409.87161993981
Philadelphia,Policy Analyst,2024-03-01,19,52575.26135519148
Philadelphia,Policy Analyst,2024-04-01,18,49674.97479096055
Philadelphia,Policy Analyst,2024-05-01,22,53655.65842855722
Philadelphia,Policy Analyst,2024-06-01,15,49331.72652143985
Philadelphia,Policy Analyst,2024-07-01,18,49797.96852953732
Philadelphia,Policy Analyst,2024-08-01,18,54244.121968746185
Philadelphia,Civic Designer,2023-01-01,27,54366.3497844711
Philadelphia,Civic Designer,2023-02-01,19,48599.64760243893
Philadelphia,Civic Designer,2023-03-01,20,49985.63709165901
Philadelphia,Civic Designer,2023-04-01,24,50647.035677731044
Philadelphia,Civic Designer,2023-05-01,20,47608.30416493118
Philadelphia,Civic Designer,2023-06-01,21,54216.76196344197
Philadelphia,Civic Designer,2023-07-01,21,52529.59638237953
Philadelphia,Civic Designer,2023-08-01,19,48213.000122085214
Philadelphia,Civic Designer,2023-09-01,27,56931.302418373525
Philadelphia,Civic Designer,2023-10-01,17,52644.41685248166
Philadelphia,Civic Designer,2023-11-01,16,54999.457569047816
Philadelphia,Civic Designer,2023-12-01,13,55628.70647627861
Philadelphia,Civic Designer,2024-01-01,21,55931.63445722312
Philadelphia,Civic Designer,2024-02-01,24,55124.9542882666
Philadelphia,Civic Designer,2024-03-01,22,53457.54425935448
Philadelphia,Civic Designer,2024-04-01,17,53340.84871187807
Philadelphia,Civic Designer,2024-05-01,20,49622.65364881605
Philadelphia,Civic Designer,2024-06-01,21,47111.374184302986
Philadelphia,Civic Designer,2024-07-01,19,51166.58783555031
Philadelphia,Civic Designer,2024-08-01,17,50496.52057886124
Boston,Data Analyst,2023-01-01,93,110077.45321432594
Boston,Data Analyst,2023-02-01,63,105118.57872828841
Boston,Data Analyst,2023-03-01,62,108441.94768520539
Boston,Data Analyst,2023-04-01,60,110554.98894536869
Boston,Data Analyst,2023-05-01,64,118335.0531756878
Boston,Data Analyst,2023-06-01,73,107367.52961471213
Boston,Data Analyst,2023-07-01,52,103850.6052835146
Boston,Data Analyst,2023-08-01,51,101910.0738374982
Boston,Data Analyst,2023-09-01,81,119404.24420230556
Boston,Data Analyst,2023-10-01,73,112052.84482275601
Boston,Data Analyst,2023-11-01,50,119390.57865645738
Boston,Data Analyst,2023-12-01,55,103027.62783772779
Boston,Data Analyst,2024-01-01,94,103845.09171475656
Boston,Data Analyst,2024-02-01,74,104161.8665138958
Boston,Data Analyst,2024-03-01,68,117871.84219574556
Boston,Data Analyst,2024-04-01,72,118284.71700253432
Boston,Data Analyst,2024-05-01,76,123580.24444256444
Boston,Data Analyst,2024-06-01,68,115302.44221386967
Boston,Data Analyst,2024-07-01,72,107745.52744289394
Boston,Data Analyst,2024-08-01,59,105748.01492330153
Boston,Product Manager,2023-01-01,65,95416.521276813
Boston,Product Manager,2023-02-01,52,94099.72878545524
Boston,Product Manager,2023-03-01,43,84906.86354460195
Boston,Product Manager,2023-04-01,47,94396.29309671001
Boston,Product Manager,2023-05-01,61,96599.76674895735
Boston,Product Manager,2023-06-01,43,90529.30361498149
Boston,Product Manager,2023-07-01,44,91775.49384394662
Boston,Product Manager,2023-08-01,40,97877.38198181614
Boston,Product Manager,2023-09-01,68,98113.03377058358
Boston,Product Manager,2023-10-01,59,92889.58142325282
Boston,Product Manager,2023-11-01,43,82301.15845659748
Boston,Product Manager,2023-12-01,38,95873.96841589363
Boston,Product Manager,2024-01-01,67,89631.79340399802
Boston,Product Manager,2024-02-01,49,88042.11810138077
Boston,Product Manager,2024-03-01,46,86384.20996209607
Boston,Product Manager,2024-04-01,52,85397.54849206656
Boston,Product Manager,2024-05-01,56,88592.58237155156
Boston,Product Manager,2024-06-01,43,97879.8631844111
Boston,Product Manager,2024-07-01,48,85760.73209848256
Boston,Product Manager,2024-08-01,43,91234.23757217826
Boston,UX Researcher,2023-01-01,47,56426.21481232346
Boston,UX Researcher,2023-02-01,34,56313.667522743344
Boston,UX Researcher,2023-03-01,38,62623.34094196559
Boston,UX Researcher,2023-04-01,34,57762.21474632621
Boston,UX Researcher,2023-05-01,34,55660.68152803928
Boston,UX Researcher,2023-06-01,33,54696.36837299914
Boston,UX Researcher,2023-07-01,36,65173.1956936419
Boston,UX Researcher,2023-08-01,29,60820.05614507944
Boston,UX Researcher,2023-09-01,49,55413.24432659894
Boston,UX Researcher,2023-10-01,33,60777.53377798945
Boston,UX Researcher,2023-11-01,27,60483.07419475168
Boston,UX Researcher,2023-12-01,22,63836.19022183121
Boston,UX Researcher,2024-01-01,54,62435.75404677541
Boston,UX Researcher,2024-02-01,40,60812.98048328608
Boston,UX Researcher,2024-03-01,38,62655.71119543166
Boston,UX Researcher,2024-04-01,38,63029.330561868854
Boston,UX Researcher,2024-05-01,34,58577.07116100938
Boston,UX Researcher,2024-06-01,33,57456.12337533385
Boston,UX Researcher,2024-07-01,37,60380.19992597401
Boston,UX Researcher,2024-08-01,33,57115.75285624713
Boston,Program Manager,2023-01-01,66,79976.85476671904
Boston,Program Manager,2023-02-01,42,73580.45827131718
Boston,Program Manager,2023-03-01,49,68589.47888365947
Boston,Program Manager,2023-04-01,41,81806.37936922722
Boston,Program Manager,2023-05-01,47,70757.7567442786
Boston,Program Manager,2023-06-01,40,73584.37900082208
Boston,Program Manager,2023-07-01,37,76885.02473174594
Boston,Program Manager,2023-08-01,42,76926.07205710374
Boston,Program Manager,2023-09-01,73,72423.57996292412
Boston,Program Manager,2023-10-01,52,69583.64237914793
Boston,Program Manager,2023-11-01,29,81219.85755627976
Boston,Program Manager,2023-12-01,29,76486.73950927332
Boston,Program Manager,2024-01-01,70,78744.10643940791
Boston,Program Manager,2024-02-01,47,81284.321177518
Boston,Program Manager,2024-03-01,53,75431.48093973286
Boston,Program Manager,2024-04-01,44,73079.68119042926
Boston,Program Manager,2024-05-01,43,68487.12481674738
Boston,Program Manager,2024-06-01,43,80315.54885557853
Boston,Program Manager,2024-07-01,35,75156.16952092387
Boston,Program Manager,2024-08-01,42,70649.9708793126
Boston,Policy Analyst,2023-01-01,42,58510.121240280576
Boston,Policy Analyst,2023-02-01,43,56488.38599771261
Boston,Policy Analyst,2023-03-01,37,59510.8898067847
Boston,Policy Analyst,2023-04-01,36,56898.027000948794
Boston,Policy Analyst,2023-05-01,35,55424.28386863321
Boston,Policy Analyst,2023-06-01,37,54869.62979659438
Boston,Policy Analyst,2023-07-01,31,62291.87819827348
Boston,Policy Analyst,2023-08-01,30,57443.491430953145
Boston,Policy Analyst,2023-09-01,44,55792.94994659722
Boston,Policy Analyst,2023-10-01,31,65669.18411012739
Boston,Policy Analyst,2023-11-01,25,58926.172683946796
Boston,Policy Analyst,2023-12-01,23,58821.766250766814
Boston,Policy Analyst,2024-01-01,41,61782.676183618605
Boston,Policy Analyst,2024-02-01,39,64995.668875984855
Boston,Policy Analyst,2024-03-01,29,56599.9456671998
Boston,Policy Analyst,2024-04-01,39,60575.98646264523
Boston,Policy Analyst,2024-05-01,34,62640.60549438
Boston,Policy Analyst,2024-06-01,31,58766.952062956996
Boston,Policy Analyst,2024-07-01,37,55128.016711212695
Boston,Policy Analyst,2024-08-01,38,61618.75686049462
Boston,Civic Designer,2023-01-01,43,54029.745723120875
Boston,Civic Designer,2023-02-01,43,56526.27887763083
Boston,Civic Designer,2023-03-01,39,62148.273713886745
Boston,Civic Designer,2023-04-01,39,64394.26956418902
Boston,Civic Designer,2023-05-01,30,63596.365386620164
Boston,Civic Designer,2023-06-01,31,55619.95678022504
Boston,Civic Designer,2023-07-01,32,58649.979092180736
Boston,Civic Designer,2023-08-01,33,63461.66314836592
Boston,Civic Designer,2023-09-01,54,62314.96399920434
Boston,Civic Designer,2023-10-01,42,61131.27565663308
Boston,Civic Designer,2023-11-01,26,55486.291816458106
Boston,Civic Designer,2023-12-01,24,60660.937232896686
Boston,Civic Designer,2024-01-01,48,59392.93665345758
Boston,Civic Designer,2024-02-01,30,63193.99834424258
Boston,Civic Designer,2024-03-01,33,54313.17265983671
Boston,Civic Designer,2024-04-01,35,56342.05718245357
Boston,Civic Designer,2024-05-01,32,64574.81477782131
Boston,Civic Designer,2024-06-01,37,55317.61912163347
Boston,Civic Designer,2024-07-01,28,65622.61113524438
Boston,Civic Designer,2024-08-01,36,58622.38311488182
New York,Data Analyst,2023-01-01,89,136644.0808862681
New York,Data Analyst,2023-02-01,72,137378.3112424426
New York,Data Analyst,2023-03-01,59,127221.83321288323
New York,Data Analyst,2023-04-01,71,133061.3411284285
New York,Data Analyst,2023-05-01,62,127160.99210071843
New York,Data Analyst,2023-06-01,66,139962.0759539539
New York,Data Analyst,2023-07-01,58,116401.15380473436
New York,Data Analyst,2023-08-01,72,118770.4008371802
New York,Data Analyst,2023-09-01,112,134776.38976927847
New York,Data Analyst,2023-10-01,74,128575.80139010679
New York,Data Analyst,2023-11-01,43,125371.95730337407
New York,Data Analyst,2023-12-01,42,140221.50754951875
New York,Data Analyst,2024-01-01,91,121269.66448361056
New York,Data Analyst,2024-02-01,61,127700.82961418666
New York,Data Analyst,2024-03-01,68,116763.7650280958
New York,Data Analyst,2024-04-01,75,135498.54329286612
New York,Data Analyst,2024-05-01,59,124495.56858348662
New York,Data Analyst,2024-06-01,58,135205.65905235708
New York,Data Analyst,2024-07-01,60,119797.05273744185
New York,Data Analyst,2024-08-01,70,138883.19414039142
New York,Product Manager,2023-01-01,82,98851.71847455204
New York,Product Manager,2023-02-01,62,102449.8250448145
New York,Product Manager,2023-03-01,58,94078.43533130363
New York,Product Manager,2023-04-01,64,109873.8869645633
New York,Product Manager,2023-05-01,54,111266.80145356804
New York,Product Manager,2023-06-01,50,92623.76756770536
New York,Product Manager,2023-07-01,45,101869.7702483274
New York,Product Manager,2023-08-01,46,96411.69957825914
New York,Product Manager,2023-09-01,61,109319.52692130582
New York,Product Manager,2023-10-01,54,102631.08896976337
New York,Product Manager,2023-11-01,43,91894.6182763204
New York,Product Manager,2023-12-01,30,97462.22563544288
New York,Product Manager,2024-01-01,58,98434.14411842823
New York,Product Manager,2024-02-01,47,103809.60804289208
New York,Product Manager,2024-03-01,60,96893.56789514422
New York,Product Manager,2024-04-01,59,92679.59252865985
New York,Product Manager,2024-05-01,64,94057.8472665511
New York,Product Manager,2024-06-01,48,106156.57776491717
New York,Product Manager,2024-07-01,40,110956.03327201681
New York,Product Manager,2024-08-01,51,98147.8479679674
New York,UX Researcher,2023-01-01,52,62267.50385016203
New York,UX Researcher,2023-02-01,31,65575.71964226663
New York,UX Researcher,2023-03-01,35,69698.7153016031
New York,UX Researcher,2023-04-01,32,67187.28915341198
New York,UX Researcher,2023-05-01,30,72098.29608853908
New York,UX Researcher,2023-06-01,31,64998.25974870474
New York,UX Researcher,2023-07-01,27,68961.69943008572
New York,UX Researcher,2023-08-01,29,61772.940963879235
New York,UX Researcher,2023-09-01,41,63793.75739432872
New York,UX Researcher,2023-10-01,38,71088.37600145489
New York,UX Researcher,2023-11-01,23,72442.98468418421
New York,UX Researcher,2023-12-01,21,68145.80662474036
New York,UX Researcher,2024-01-01,39,68921.07585426421
New York,UX Researcher,2024-02-01,41,61215.719148516655
New York,UX Researcher,2024-03-01,40,63155.38220312447
New York,UX Researcher,2024-04-01,41,72977.15232912451
New York,UX Researcher,2024-05-01,43,62322.830423526466
New York,UX Researcher,2024-06-01,27,64526.161275990315
New York,UX Researcher,2024-07-01,27,74548.98694176227
New York,UX Researcher,2024-08-01,36,69055.10540045798
New York,Program Manager,2023-01-01,65,80728.34819578567
New York,Program Manager,2023-02-01,36,86954.21721413733
New York,Program Manager,2023-03-01,50,77039.87445263192
New York,Program Manager,2023-04-01,49,78989.20025257394
New York,Program Manager,2023-05-01,47,88452.2405578755
New York,Program Manager,2023-06-01,40,77614.53204485588
New York,Program Manager,2023-07-01,35,87070.72005909868
New York,Program Manager,2023-08-01,33,92434.56521164627
New York,Program Manager,2023-09-01,62,77994.20845136046
New York,Program Manager,2023-10-01,45,93037.65965858474
New York,Program Manager,2023-11-01,30,76942.18207872473
New York,Program Manager,2023-12-01,31,88828.87518405916
New York,Program Manager,2024-01-01,63,84213.00865756348
New York,Program Manager,2024-02-01,37,86125.1008848194
New York,Program Manager,2024-03-01,42,91336.42778685316
New York,Program Manager,2024-04-01,50,85927.57405340673
New York,Program Manager,2024-05-01,51,89040.08752340452
New York,Program Manager,2024-06-01,36,87093.19575410336
New York,Program Manager,2024-07-01,38,81787.48289844954
New York,Program Manager,2024-08-01,46,83167.34023834579
New York,Policy Analyst,2023-01-01,53,63948.38939383626
New York,Policy Analyst,2023-02-01,33,72797.81329855324
New York,Policy Analyst,2023-03-01,31,69452.89005115628
New York,Policy Analyst,2023-04-01,39,71482.93298818171
New York,Policy Analyst,2023-05-01,30,68850.22859890014
New York,Policy Analyst,2023-06-01,26,64952.22657416016
New York,Policy Analyst,2023-07-01,39,71203.59428972006
New York,Policy Analyst,2023-08-01,26,68670.20519655198
New York,Policy Analyst,2023-09-01,47,65907.32779763639
New York,Policy Analyst,2023-10-01,42,68203.5326331854
New York,Policy Analyst,2023-11-01,26,72294.44408714771
New York,Policy Analyst,2023-12-01,23,68357.30694271624
New York,Policy Analyst,2024-01-01,51,63961.34467832745
New York,Policy Analyst,2024-02-01,41,72734.2644540593
New York,Policy Analyst,2024-03-01,33,66238.72132468969
New York,Policy Analyst,2024-04-01,36,65325.22232402117
New York,Policy Analyst,2024-05-01,39,71680.11983837934
New York,Policy Analyst,2024-06-01,34,71174.90034792572
New York,Policy Analyst,2024-07-01,34,72609.12157651037
New York,Policy Analyst,2024-08-01,39,68939.0642568469
New York,Civic Designer,2023-01-01,45,61557.41940084845
New York,Civic Designer,2023-02-01,31,67811.33030410856
New York,Civic Designer,2023-03-01,36,68580.46204596758
New York,Civic Designer,2023-04-01,32,72578.57758998872
New York,Civic Designer,2023-05-01,36,71109.83771849424
New York,Civic Designer,2023-06-01,31,68749.5477732271
New York,Civic Designer,2023-07-01,39,62198.435804992914
New York,Civic Designer,2023-08-01,31,63056.43126945943
New York,Civic Designer,2023-09-01,45,70510.67826915532
New York,Civic Designer,2023-10-01,38,62554.85833249986
New York,Civic Designer,2023-11-01,22,63971.48831002414
New York,Civic Designer,2023-12-01,30,66177.32988093048
New York,Civic Designer,2024-01-01,47,72708.26230365784
New York,Civic Designer,2024-02-01,31,64421.46729882807
New York,Civic Designer,2024-03-01,38,70786.33876815438
New York,Civic Designer,2024-04-01,43,62663.48009873182
New York,Civic Designer,2024-05-01,38,71795.33661305904
New York,Civic Designer,2024-06-01,31,64669.43729352206
New York,Civic Designer,2024-07-01,30,68653.38923372328
New York,Civic Designer,2024-08-01,37,61661.06068249792
Chicago,Data Analyst,2023-01-01,59,111428.29899885692
Chicago,Data Analyst,2023-02-01,46,101592.80895092526
Chicago,Data Analyst,2023-03-01,61,113742.00301850216
Chicago,Data Analyst,2023-04-01,48,101999.23477554695
Chicago,Data Analyst,2023-05-01,50,114982.66527545638
Chicago,Data Analyst,2023-06-01,53,102571.94897532463
Chicago,Data Analyst,2023-07-01,41,104762.14423868805
Chicago,Data Analyst,2023-08-01,38,104806.30085687153
Chicago,Data Analyst,2023-09-01,71,94757.34710739926
Chicago,Data Analyst,2023-10-01,52,107970.93721339479
Chicago,Data Analyst,2023-11-01,36,105264.07440472396
Chicago,Data Analyst,2023-12-01,34,101227.39448281938
Chicago,Data Analyst,2024-01-01,78,106710.09631105699
Chicago,Data Analyst,2024-02-01,52,107464.23257421704
Chicago,Data Analyst,2024-03-01,53,103703.76529125498
Chicago,Data Analyst,2024-04-01,62,98077.74859294295
Chicago,Data Analyst,2024-05-01,58,109516.69042906724
Chicago,Data Analyst,2024-06-01,42,110203.51752243006
Chicago,Data Analyst,2024-07-01,44,112222.20887057483
Chicago,Data Analyst,2024-08-01,56,105729.93998648599
Chicago,Product Manager,2023-01-01,56,80677.55239382386
Chicago,Product Manager,2023-02-01,46,83269.50545869768
Chicago,Product Manager,2023-03-01,40,82056.95457905532
Chicago,Product Manager,2023-04-01,47,79783.98715853693
Chicago,Product Manager,2023-05-01,43,86597.72931262852
Chicago,Product Manager,2023-06-01,44,91649.4381889701
Chicago,Product Manager,2023-07-01,33,80490.19368253648
Chicago,Product Manager,2023-08-01,35,86523.17665424198
Chicago,Product Manager,2023-09-01,49,84610.8468387276
Chicago,Product Manager,2023-10-01,37,85637.19135895371
Chicago,Product Manager,2023-11-01,35,76018.29092670232
Chicago,Product Manager,2023-12-01,27,75681.34122435004
Chicago,Product Manager,2024-01-01,60,77807.15467371047
Chicago,Product Manager,2024-02-01,47,76016.92734304816
Chicago,Product Manager,2024-03-01,35,77147.77479227632
Chicago,Product Manager,2024-04-01,38,83589.37816545367
Chicago,Product Manager,2024-05-01,38,78903.83358858526
Chicago,Product Manager,2024-06-01,32,89286.52233593167
Chicago,Product Manager,2024-07-01,32,79700.1950321719
Chicago,Product Manager,2024-08-01,45,83811.96831744164
Chicago,UX Researcher,2023-01-01,43,57667.483771964915
Chicago,UX Researcher,2023-02-01,24,52177.624464035034
Chicago,UX Researcher,2023-03-01,33,59774.15260262788
Chicago,UX Researcher,2023-04-01,29,55289.881133660674
Chicago,UX Researcher,2023-05-01,27,53015.14988094569
Chicago,UX Researcher,2023-06-01,25,53747.18711078167
Chicago,UX Researcher,2023-07-01,27,52185.518972575665
Chicago,UX Researcher,2023-08-01,21,56958.35156664252
Chicago,UX Researcher,2023-09-01,37,52066.31334349514
Chicago,UX Researcher,2023-10-01,30,52405.46706877649
Chicago,UX Researcher,2023-11-01,18,54199.28085580468
Chicago,UX Researcher,2023-12-01,22,52459.70171503723
Chicago,UX Researcher,2024-01-01,32,54942.0650485903
Chicago,UX Researcher,2024-02-01,28,57271.86772562564
Chicago,UX Researcher,2024-03-01,25,58079.51894514263
Chicago,UX Researcher,2024-04-01,25,59623.48672151566
Chicago,UX Researcher,2024-05-01,33,54588.59967440367
Chicago,UX Researcher,2024-06-01,23,61071.81925140321
Chicago,UX Researcher,2024-07-01,25,50610.92018075287
Chicago,UX Researcher,2024-08-01,20,57258.59968997539
Chicago,Program Manager,2023-01-01,46,69490.03269383684
Chicago,Program Manager,2023-02-01,37,67966.21468709782
Chicago,Program Manager,2023-03-01,36,75353.92240341754
Chicago,Program Manager,2023-04-01,33,64061.240018345416
Chicago,Program Manager,2023-05-01,40,75366.07668315992
Chicago,Program Manager,2023-06-01,33,65635.10570069775
Chicago,Program Manager,2023-07-01,29,66010.93445532024
Chicago,Program Manager,2023-08-01,30,75173.45208162443
Chicago,Program Manager,2023-09-01,42,63851.732787676156
Chicago,Program Manager,2023-10-01,40,66288.59441028908
Chicago,Program Manager,2023-11-01,29,76902.21717953682
Chicago,Program Manager,2023-12-01,25,72494.76818880066
Chicago,Program Manager,2024-01-01,42,69096.8152070418
Chicago,Program Manager,2024-02-01,42,68282.33918687329
Chicago,Program Manager,2024-03-01,31,69456.57634083182
Chicago,Program Manager,2024-04-01,37,74225.92620318757
Chicago,Program Manager,2024-05-01,30,72281.53765341267
Chicago,Program Manager,2024-06-01,31,69524.05129699036
Chicago,Program Manager,2024-07-01,26,63745.63211109489
Chicago,Program Manager,2024-08-01,27,66320.77085692436
Chicago,Policy Analyst,2023-01-01,33,53012.28506080806
Chicago,Policy Analyst,2023-02-01,29,52983.320328593254
Chicago,Policy Analyst,2023-03-01,31,51091.33426845074
Chicago,Policy Analyst,2023-04-01,24,55967.728423699744
Chicago,Policy Analyst,2023-05-01,32,53134.200993180275
Chicago,Policy Analyst,2023-06-01,27,58891.67803600431
Chicago,Policy Analyst,2023-07-01,28,56529.78998832405
Chicago,Policy Analyst,2023-08-01,22,61018.349238485105
Chicago,Policy Analyst,2023-09-01,37,51365.12855440378
Chicago,Policy Analyst,2023-10-01,30,61016.28495194018
Chicago,Policy Analyst,2023-11-01,20,58490.867322310805
Chicago,Policy Analyst,2023-12-01,18,60726.45157277585
Chicago,Policy Analyst,2024-01-01,33,57275.01856908202
Chicago,Policy Analyst,2024-02-01,23,52202.82481499017
Chicago,Policy Analyst,2024-03-01,25,52448.93575236201
Chicago,Policy Analyst,2024-04-01,32,58578.055894747384
Chicago,Policy Analyst,2024-05-01,31,57002.68728546799
Chicago,Policy Analyst,2024-06-01,28,53899.80246126652
Chicago,Policy Analyst,2024-07-01,22,59055.29726818205
Chicago,Policy Analyst,2024-08-01,21,54166.53986424208
Chicago,Civic Designer,2023-01-01,43,59983.5789397359
Chicago,Civic Designer,2023-02-01,27,56901.919127255685
Chicago,Civic Designer,2023-03-01,28,55056.09369575977
Chicago,Civic Designer,2023-04-01,24,60844.815195351846
Chicago,Civic Designer,2023-05-01,29,55582.227024436
Chicago,Civic Designer,2023-06-01,23,51512.678895145655
Chicago,Civic Designer,2023-07-01,22,55613.032868131995
Chicago,Civic Designer,2023-08-01,27,61421.73920534552
Chicago,Civic Designer,2023-09-01,36,60763.056098297246
Chicago,Civic Designer,2023-10-01,31,55276.466151326895
Chicago,Civic Designer,2023-11-01,16,60140.87201692165
Chicago,Civic Designer,2023-12-01,22,53763.966723904014
Chicago,Civic Designer,2024-01-01,35,59337.2934691608
Chicago,Civic Designer,2024-02-01,31,59365.719974040985
Chicago,Civic Designer,2024-03-01,30,54733.567797020085
Chicago,Civic Designer,2024-04-01,27,54673.80458526314
Chicago,Civic Designer,2024-05-01,29,57629.774878919125
Chicago,Civic Designer,2024-06-01,20,60050.67548751832
Chicago,Civic Designer,2024-07-01,22,57754.285914078355
Chicago,Civic Designer,2024-08-01,27,56182.85202383996
Seattle,Data Analyst,2023-01-01,60,104597.58562676143
Seattle,Data Analyst,2023-02-01,59,115037.23281493876
Seattle,Data Analyst,2023-03-01,48,102194.25342686009
Seattle,Data Analyst,2023-04-01,56,112463.07733410504
Seattle,Data Analyst,2023-05-01,62,117888.93498654943
Seattle,Data Analyst,2023-06-01,40,118212.7450365806
Seattle,Data Analyst,2023-07-01,40,102669.6091768099
Seattle,Data Analyst,2023-08-01,51,111205.84350137506
Seattle,Data Analyst,2023-09-01,71,112515.11323149316
Seattle,Data Analyst,2023-10-01,60,107330.46975801699
Seattle,Data Analyst,2023-11-01,44,114723.04835391697
Seattle,Data Analyst,2023-12-01,30,117806.34659109639
Seattle,Data Analyst,2024-01-01,67,117305.50076637884
Seattle,Data Analyst,2024-02-01,57,103871.0910791997
Seattle,Data Analyst,2024-03-01,44,114190.2139125159
Seattle,Data Analyst,2024-04-01,63,119207.96971244272
Seattle,Data Analyst,2024-05-01,47,106466.03542438243
Seattle,Data Analyst,2024-06-01,39,117559.25607460087
Seattle,Data Analyst,2024-07-01,51,120105.52195133641
Seattle,Data Analyst,2024-08-01,53,103923.86784253176
Seattle,Product Manager,2023-01-01,51,98261.10713928938
Seattle,Product Manager,2023-02-01,40,94459.76251875983
Seattle,Product Manager,2023-03-01,38,95596.01061791182
Seattle,Product Manager,2023-04-01,35,84418.51902147756
Seattle,Product Manager,2023-05-01,40,81467.4379946664
Seattle,Product Manager,2023-06-01,33,96548.08126017453
Seattle,Product Manager,2023-07-01,38,97545.23757705466
Seattle,Product Manager,2023-08-01,38,83477.30378201231
Seattle,Product Manager,2023-09-01,69,89597.67519403249
Seattle,Product Manager,2023-10-01,39,89333.30700499937
Seattle,Product Manager,2023-11-01,29,93603.21499966086
Seattle,Product Manager,2023-12-01,24,82180.34822121263
Seattle,Product Manager,2024-01-01,62,94194.719879888
Seattle,Product Manager,2024-02-01,40,88126.76862627268
Seattle,Product Manager,2024-03-01,46,89306.78120674567
Seattle,Product Manager,2024-04-01,36,94055.38853863256
Seattle,Product Manager,2024-05-01,41,89460.04764642566
Seattle,Product Manager,2024-06-01,42,98991.43159529196
Seattle,Product Manager,2024-07-01,31,96226.84425115587
Seattle,Product Manager,2024-08-01,43,95907.73146785797
Seattle,UX Researcher,2023-01-01,34,63139.7321317345
Seattle,UX Researcher,2023-02-01,26,55345.27790173888
Seattle,UX Researcher,2023-03-01,26,64067.72423163057
Seattle,UX Researcher,2023-04-01,23,63766.20628964157
Seattle,UX Researcher,2023-05-01,28,65896.94633055478
Seattle,UX Researcher,2023-06-01,27,54579.774297773845
Seattle,UX Researcher,2023-07-01,29,62961.45494934172
Seattle,UX Researcher,2023-08-01,20,59031.762259081006
Seattle,UX Researcher,2023-09-01,47,60985.72676628829
Seattle,UX Researcher,2023-10-01,26,63968.80874689669
Seattle,UX Researcher,2023-11-01,23,54162.36752830446
Seattle,UX Researcher,2023-12-01,21,54138.261158019304
Seattle,UX Researcher,2024-01-01,36,65957.34848733993
Seattle,UX Researcher,2024-02-01,32,63188.27600497753
Seattle,UX Researcher,2024-03-01,23,57775.95132775605
Seattle,UX Researcher,2024-04-01,31,63744.14093233646
Seattle,UX Researcher,2024-05-01,26,65894.6306090802
Seattle,UX Researcher,2024-06-01,29,56409.11511518062
Seattle,UX Researcher,2024-07-01,26,61752.44664307684
Seattle,UX Researcher,2024-08-01,23,59250.60874689371
Seattle,Program Manager,2023-01-01,51,81570.42392296717
Seattle,Program Manager,2023-02-01,29,82320.04958088511
Seattle,Program Manager,2023-03-01,40,74344.79341492988
Seattle,Program Manager,2023-04-01,32,70959.22414795496
Seattle,Program Manager,2023-05-01,39,77932.33902775683
Seattle,Program Manager,2023-06-01,37,75849.48516916484
Seattle,Program Manager,2023-07-01,26,76270.65134234726
Seattle,Program Manager,2023-08-01,36,74004.46870364249
Seattle,Program Manager,2023-09-01,55,73892.62579148635
Seattle,Program Manager,2023-10-01,33,76452.8159319889
Seattle,Program Manager,2023-11-01,23,74281.28377301618
Seattle,Program Manager,2023-12-01,22,81849.12987984718
Seattle,Program Manager,2024-01-01,47,80166.45525000058
Seattle,Program Manager,2024-02-01,40,70841.52903989889
Seattle,Program Manager,2024-03-01,35,73802.55265510641
Seattle,Program Manager,2024-04-01,36,73799.74403302185
Seattle,Program Manager,2024-05-01,37,67811.8627332151
Seattle,Program Manager,2024-06-01,32,73206.71954308636
Seattle,Program Manager,2024-07-01,32,73835.22641379386
Seattle,Program Manager,2024-08-01,25,70371.3909513317
Seattle,Policy Analyst,2023-01-01,30,62463.95138092339
Seattle,Policy Analyst,2023-02-01,33,54162.2457029298
Seattle,Policy Analyst,2023-03-01,31,62774.43726919592
Seattle,Policy Analyst,2023-04-01,25,59192.68917571754
Seattle,Policy Analyst,2023-05-01,30,62774.881116114564
Seattle,Policy Analyst,2023-06-01,27,54167.29862987995
Seattle,Policy Analyst,2023-07-01,24,54543.759701773524
Seattle,Policy Analyst,2023-08-01,28,59020.97251731902
Seattle,Policy Analyst,2023-09-01,40,61726.08002554625
Seattle,Policy Analyst,2023-10-01,32,56637.525427155204
Seattle,Policy Analyst,2023-11-01,20,64001.31183397025
Seattle,Policy Analyst,2023-12-01,23,62337.20776252449
Seattle,Policy Analyst,2024-01-01,38,64789.49382249267
Seattle,Policy Analyst,2024-02-01,27,58970.88342346251
Seattle,Policy Analyst,2024-03-01,33,58932.056439109154
Seattle,Policy Analyst,2024-04-01,30,57000.17987284809
Seattle,Policy Analyst,2024-05-01,27,58485.20446848125
Seattle,Policy Analyst,2024-06-01,20,56782.71279204637
Seattle,Policy Analyst,2024-07-01,26,65179.23797573895
Seattle,Policy Analyst,2024-08-01,25,59716.137061826885
Seattle,Civic Designer,2023-01-01,42,54571.980035863824
Seattle,Civic Designer,2023-02-01,32,63282.372672110796
Seattle,Civic Designer,2023-03-01,32,57973.40795304627
Seattle,Civic Designer,2023-04-01,27,60634.517647326
Seattle,Civic Designer,2023-05-01,32,62115.9663470462
Seattle,Civic Designer,2023-06-01,22,57328.01245059818
Seattle,Civic Designer,2023-07-01,23,54634.26814042032
Seattle,Civic Designer,2023-08-01,27,59109.103004448116
Seattle,Civic Designer,2023-09-01,47,61321.421784348786
Seattle,Civic Designer,2023-10-01,29,65712.55242079498
Seattle,Civic Designer,2023-11-01,20,65637.60144263507
Seattle,Civic Designer,2023-12-01,16,55061.814688146114
Seattle,Civic Designer,2024-01-01,43,59980.56044708938
Seattle,Civic Designer,2024-02-01,24,58748.2724133879
Seattle,Civic Designer,2024-03-01,23,58683.98314900696
Seattle,Civic Designer,2024-04-01,32,57821.99389021844
Seattle,Civic Designer,2024-05-01,28,62190.90065080673
Seattle,Civic Designer,2024-06-01,24,57415.378890931606
Seattle,Civic Designer,2024-07-01,29,58681.136570870876
Seattle,Civic Designer,2024-08-01,20,65882.02272355558
Portland,Data Analyst,2023-01-01,44,103194.11176408177
Portland,Data Analyst,2023-02-01,40,93841.90045518335
Portland,Data Analyst,2023-03-01,33,103683.79574257416
Portland,Data Analyst,2023-04-01,35,92057.74055805523
Portland,Data Analyst,2023-05-01,33,97520.93949553093
Portland,Data Analyst,2023-06-01,38,91005.9597780928
Portland,Data Analyst,2023-07-01,29,90083.35429255385
Portland,Data Analyst,2023-08-01,38,105253.39437089862
Portland,Data Analyst,2023-09-01,49,89577.44013390038
Portland,Data Analyst,2023-10-01,36,104618.64185496235
Portland,Data Analyst,2023-11-01,28,93143.53354240303
Portland,Data Analyst,2023-12-01,22,88282.03200828284
Portland,Data Analyst,2024-01-01,39,103104.00678555015
Portland,Data Analyst,2024-02-01,45,94743.87584603392
Portland,Data Analyst,2024-03-01,39,88239.507832448
Portland,Data Analyst,2024-04-01,42,102298.825160251
Portland,Data Analyst,2024-05-01,43,88327.69875449594
Portland,Data Analyst,2024-06-01,37,96210.36420436576
Portland,Data Analyst,2024-07-01,40,92754.22324344981
Portland,Data Analyst,2024-08-01,28,97461.29680902231
Portland,Product Manager,2023-01-01,45,80392.34159700572
Portland,Product Manager,2023-02-01,34,71505.04741631448
Portland,Product Manager,2023-03-01,33,73015.37040313706
Portland,Product Manager,2023-04-01,29,71829.61502484977
Portland,Product Manager,2023-05-01,25,82873.33054756746
Portland,Product Manager,2023-06-01,26,79989.03808956967
Portland,Product Manager,2023-07-01,25,80036.93078113721
Portland,Product Manager,2023-08-01,31,76297.88166331127
Portland,Product Manager,2023-09-01,40,76943.15575109795
Portland,Product Manager,2023-10-01,28,75638.69043532759
Portland,Product Manager,2023-11-01,23,82579.50103534386
Portland,Product Manager,2023-12-01,24,84036.20334835724
Portland,Product Manager,2024-01-01,38,80357.58255282417
Portland,Product Manager,2024-02-01,33,79448.66692246869
Portland,Product Manager,2024-03-01,25,75314.02466408908
Portland,Product Manager,2024-04-01,27,71380.75414001942
Portland,Product Manager,2024-05-01,35,79425.640976429
Portland,Product Manager,2024-06-01,30,72982.05351093784
Portland,Product Manager,2024-07-01,30,81765.06193634123
Portland,Product Manager,2024-08-01,26,74784.46884686127
Portland,UX Researcher,2023-01-01,27,53447.5324312225
Portland,UX Researcher,2023-02-01,22,48098.152931407094
Portland,UX Researcher,2023-03-01,23,49454.76415101439
Portland,UX Researcher,2023-04-01,19,55333.97674821318
Portland,UX Researcher,2023-05-01,17,55159.316086955376
Portland,UX Researcher,2023-06-01,19,47276.68015956879
Portland,UX Researcher,2023-07-01,20,55905.52990734577
Portland,UX Researcher,2023-08-01,15,48131.29453565925
Portland,UX Researcher,2023-09-01,26,53131.846596859396
Portland,UX Researcher,2023-10-01,21,51683.49548205733
Portland,UX Researcher,2023-11-01,15,52595.8272902295
Portland,UX Researcher,2023-12-01,16,54396.08495961875
Portland,UX Researcher,2024-01-01,26,51686.530363187194
Portland,UX Researcher,2024-02-01,21,57081.544613838196
Portland,UX Researcher,2024-03-01,22,57040.55119920523
Portland,UX Researcher,2024-04-01,23,50890.16068261117
Portland,UX Researcher,2024-05-01,23,53132.01023042203
Portland,UX Researcher,2024-06-01,15,50393.030792847276
Portland,UX Researcher,2024-07-01,18,51345.97064610571
Portland,UX Researcher,2024-08-01,17,49182.97241870314
Portland,Program Manager,2023-01-01,37,58578.93922529183
Portland,Program Manager,2023-02-01,28,58810.39954675362
Portland,Program Manager,2023-03-01,21,59263.85956816375
Portland,Program Manager,2023-04-01,27,68439.48338623159
Portland,Program Manager,2023-05-01,22,64597.57207147778
Portland,Program Manager,2023-06-01,19,69560.81444304438
Portland,Program Manager,2023-07-01,26,66062.35207756981
Portland,Program Manager,2023-08-01,19,60929.54741115682
Portland,Program Manager,2023-09-01,37,66417.79272072019
Portland,Program Manager,2023-10-01,22,70113.44253085554
Portland,Program Manager,2023-11-01,14,68826.1751565151
Portland,Program Manager,2023-12-01,18,65053.20684146137
Portland,Program Manager,2024-01-01,27,63999.36755863019
Portland,Program Manager,2024-02-01,23,67006.95674074815
Portland,Program Manager,2024-03-01,24,70040.60068796389
Portland,Program Manager,2024-04-01,26,70096.21412470005
Portland,Program Manager,2024-05-01,28,60819.0769921057
Portland,Program Manager,2024-06-01,20,61847.5315219257
Portland,Program Manager,2024-07-01,22,59974.7005617246
Portland,Program Manager,2024-08-01,22,68863.06646210141
Portland,Policy Analyst,2023-01-01,28,47939.200283400714
Portland,Policy Analyst,2023-02-01,22,55422.3456254229
Portland,Policy Analyst,2023-03-01,23,54818.881488032646
Portland,Policy Analyst,2023-04-01,23,56614.36980701984
Portland,Policy Analyst,2023-05-01,24,51656.35897312313
Portland,Policy Analyst,2023-06-01,18,56574.49873406441
Portland,Policy Analyst,2023-07-01,18,54965.9026009962
Portland,Policy Analyst,2023-08-01,16,55895.921900123365
Portland,Policy Analyst,2023-09-01,28,50902.41159573198
Portland,Policy Analyst,2023-10-01,18,47836.87127213925
Portland,Policy Analyst,2023-11-01,11,49680.39877247065
Portland,Policy Analyst,2023-12-01,15,54311.10933162273
Portland,Policy Analyst,2024-01-01,26,50505.57386595756
Portland,Policy Analyst,2024-02-01,17,50780.20358737558
Portland,Policy Analyst,2024-03-01,18,47132.473969087005
Portland,Policy Analyst,2024-04-01,21,52223.030984029174
Portland,Policy Analyst,2024-05-01,17,48059.21026710421
Portland,Policy Analyst,2024-06-01,15,56005.91543558986
Portland,Policy Analyst,2024-07-01,17,47576.32150966674
Portland,Policy Analyst,2024-08-01,17,54955.97064644099
Portland,Civic Designer,2023-01-01,30,55682.97594673932
Portland,Civic Designer,2023-02-01,18,47186.65297459811
Portland,Civic Designer,2023-03-01,16,49661.49249877781
Portland,Civic Designer,2023-04-01,23,53477.527470327914
Portland,Civic Designer,2023-05-01,19,54964.81493916363
Portland,Civic Designer,2023-06-01,19,50960.6522038579
Portland,Civic Designer,2023-07-01,18,56527.14422903955
Portland,Civic Designer,2023-08-01,17,50861.37649603188
Portland,Civic Designer,2023-09-01,24,51209.17679425329
Portland,Civic Designer,2023-10-01,19,49778.78569122404
Portland,Civic Designer,2023-11-01,15,53162.183448672295
Portland,Civic Designer,2023-12-01,14,52611.6524817422
Portland,Civic Designer,2024-01-01,28,47215.65820463002
Portland,Civic Designer,2024-02-01,22,54550.93224719167
Portland,Civic Designer,2024-03-01,20,48947.4691754207
Portland,Civic Designer,2024-04-01,19,53627.55803689361
Portland,Civic Designer,2024-05-01,16,52233.11258107424
Portland,Civic Designer,2024-06-01,14,53387.740482389934
Portland,Civic Designer,2024-07-01,22,53222.656591795385
Portland,Civic Designer,2024-08-01,15,49762.91369330138
San Francisco,Data Analyst,2023-01-01,85,120457.0841722889
San Francisco,Data Analyst,2023-02-01,73,128494.99356059823
San Francisco,Data Analyst,2023-03-01,74,140157.48542023357
San Francisco,Data Analyst,2023-04-01,78,123137.37169036178
San Francisco,Data Analyst,2023-05-01,70,122995.07025245111
San Francisco,Data Analyst,2023-06-01,67,115650.74970549905
San Francisco,Data Analyst,2023-07-01,69,128153.10223947745
San Francisco,Data Analyst,2023-08-01,63,129968.57633278705
San Francisco,Data Analyst,2023-09-01,106,133673.2098092325
San Francisco,Data Analyst,2023-10-01,55,139047.34680452387
San Francisco,Data Analyst,2023-11-01,46,127235.34156521784
San Francisco,Data Analyst,2023-12-01,54,116873.82730969694
San Francisco,Data Analyst,2024-01-01,93,121378.16397438291
San Francisco,Data Analyst,2024-02-01,79,137058.58895299025
San Francisco,Data Analyst,2024-03-01,59,136477.50797763004
San Francisco,Data Analyst,2024-04-01,63,136244.06894668937
San Francisco,Data Analyst,2024-05-01,76,138896.04370307646
San Francisco,Data Analyst,2024-06-01,73,131393.38168641552
San Francisco,Data Analyst,2024-07-01,56,127197.96691322699
San Francisco,Data Analyst,2024-08-01,49,119537.79586718885
San Francisco,Product Manager,2023-01-01,84,106345.87443983182
San Francisco,Product Manager,2023-02-01,46,93535.42740214616
San Francisco,Product Manager,2023-03-01,44,101208.46787430346
San Francisco,Product Manager,2023-04-01,56,110892.50905495138
San Francisco,Product Manager,2023-05-01,50,109043.99082446472
San Francisco,Product Manager,2023-06-01,49,106410.2090251632
San Francisco,Product Manager,2023-07-01,54,94325.64950538799
San Francisco,Product Manager,2023-08-01,40,103934.48021030053
San Francisco,Product Manager,2023-09-01,81,111992.99714919181
San Francisco,Product Manager,2023-10-01,64,104354.33315215634
San Francisco,Product Manager,2023-11-01,34,97370.78440664336
San Francisco,Product Manager,2023-12-01,34,93099.61960092187
San Francisco,Product Manager,2024-01-01,61,93274.98682178557
San Francisco,Product Manager,2024-02-01,45,109619.62876645848
San Francisco,Product Manager,2024-03-01,55,99201.62993269041
San Francisco,Product Manager,2024-04-01,54,111090.69184279071
San Francisco,Product Manager,2024-05-01,54,103189.70637582242
San Francisco,Product Manager,2024-06-01,56,102258.28747814521
San Francisco,Product Manager,2024-07-01,40,111134.54193631189
San Francisco,Product Manager,2024-08-01,43,94039.9525495246
San Francisco,UX Researcher,2023-01-01,47,72337.1426872909
San Francisco,UX Researcher,2023-02-01,32,66331.85265213251
San Francisco,UX Researcher,2023-03-01,37,68770.3182503581
San Francisco,UX Researcher,2023-04-01,36,65468.64813901484
San Francisco,UX Researcher,2023-05-01,37,62319.863172248006
San Francisco,UX Researcher,2023-06-01,28,71807.15057495981
San Francisco,UX Researcher,2023-07-01,28,63827.99230646343
San Francisco,UX Researcher,2023-08-01,31,70115.96235912293
San Francisco,UX Researcher,2023-09-01,54,67117.99992527813
San Francisco,UX Researcher,2023-10-01,38,63881.21724110097
San Francisco,UX Researcher,2023-11-01,29,74727.3817420006
San Francisco,UX Researcher,2023-12-01,28,67275.70298332721
San Francisco,UX Researcher,2024-01-01,50,61627.40263324231
San Francisco,UX Researcher,2024-02-01,40,73943.42519063503
San Francisco,UX Researcher,2024-03-01,31,73045.38177829237
San Francisco,UX Researcher,2024-04-01,32,69376.94945409895
San Francisco,UX Researcher,2024-05-01,34,65266.61020629109
San Francisco,UX Researcher,2024-06-01,31,72207.1093423292
San Francisco,UX Researcher,2024-07-01,34,74149.1364369169
San Francisco,UX Researcher,2024-08-01,36,72787.93400917202
San Francisco,Program Manager,2023-01-01,53,78664.26550969481
San Francisco,Program Manager,2023-02-01,51,92970.99994635211
San Francisco,Program Manager,2023-03-01,36,85970.71714815684
San Francisco,Program Manager,2023-04-01,48,76591.19560522959
San Francisco,Program Manager,2023-05-01,51,78807.98663455062
San Francisco,Program Manager,2023-06-01,40,76599.40072661266
San Francisco,Program Manager,2023-07-01,36,90386.8590570055
San Francisco,Program Manager,2023-08-01,33,89796.78099369632
San Francisco,Program Manager,2023-09-01,58,92328.12685891986
San Francisco,Program Manager,2023-10-01,52,82767.72799971513
San Francisco,Program Manager,2023-11-01,37,93065.73286093773
San Francisco,Program Manager,2023-12-01,32,90503.64259211348
San Francisco,Program Manager,2024-01-01,52,89886.63067552263
San Francisco,Program Manager,2024-02-01,45,87088.03918934429
San Francisco,Program Manager,2024-03-01,50,92945.03379031084
San Francisco,Program Manager,2024-04-01,43,84998.61434102058
San Francisco,Program Manager,2024-05-01,38,91692.82519374974
San Francisco,Program Manager,2024-06-01,37,83317.73519841954
San Francisco,Program Manager,2024-07-01,38,84108.20736386813
San Francisco,Program Manager,2024-08-01,37,92408.24439609425
San Francisco,Policy Analyst,2023-01-01,46,70493.31788420679
San Francisco,Policy Analyst,2023-02-01,34,61447.0185700804
San Francisco,Policy Analyst,2023-03-01,31,63451.16336029024
San Francisco,Policy Analyst,2023-04-01,29,67943.34918502718
San Francisco,Policy Analyst,2023-05-01,33,67000.87910126895
San Francisco,Policy Analyst,2023-06-01,38,74691.92244056614
San Francisco,Policy Analyst,2023-07-01,32,73289.72168527545
San Francisco,Policy Analyst,2023-08-01,32,65902.27304920554
San Francisco,Policy Analyst,2023-09-01,55,70799.48010016233
San Francisco,Policy Analyst,2023-10-01,38,73558.65574404597
San Francisco,Policy Analyst,2023-11-01,21,70397.58326578885
San Francisco,Policy Analyst,2023-12-01,27,69891.76368936898
San Francisco,Policy Analyst,2024-01-01,44,63234.6215678379
San Francisco,Policy Analyst,2024-02-01,42,69375.30530449003
San Francisco,Policy Analyst,2024-03-01,40,64909.41680781543
San Francisco,Policy Analyst,2024-04-01,31,67426.80584620684
San Francisco,Policy Analyst,2024-05-01,33,64222.64206837863
San Francisco,Policy Analyst,2024-06-01,28,64666.93262942135
San Francisco,Policy Analyst,2024-07-01,34,70090.15308953823
San Francisco,Policy Analyst,2024-08-01,33,67619.1069914028
San Francisco,Civic Designer,2023-01-01,50,63389.09728489817
San Francisco,Civic Designer,2023-02-01,33,64900.29255058617
San Francisco,Civic Designer,2023-03-01,38,70896.2028650567
San Francisco,Civic Designer,2023-04-01,43,69541.60966966301
San Francisco,Civic Designer,2023-05-01,40,62996.85874059797
San Francisco,Civic Designer,2023-06-01,27,62152.09864359349
San Francisco,Civic Designer,2023-07-01,32,74341.20417647065
San Francisco,Civic Designer,2023-08-01,27,66208.47578048706
San Francisco,Civic Designer,2023-09-01,47,70413.37555088103
San Francisco,Civic Designer,2023-10-01,39,72704.94353324175
San Francisco,Civic Designer,2023-11-01,20,64486.445240303874
San Francisco,Civic Designer,2023-12-01,28,61678.053478337824
San Francisco,Civic Designer,2024-01-01,46,69295.26721946897
San Francisco,Civic Designer,2024-02-01,39,72572.19934090972
San Francisco,Civic Designer,2024-03-01,38,66126.58925931901
San Francisco,Civic Designer,2024-04-01,37,65717.76405405253
San Francisco,Civic Designer,2024-05-01,39,69968.41409783812
San Francisco,Civic Designer,2024-06-01,34,74237.16586045921
San Francisco,Civic Designer,2024-07-01,30,69308.36934708059
San Francisco,Civic Designer,2024-08-01,27,68139.80824444443
Los Angeles,Data Analyst,2023-01-01,58,97760.54685423152
Los Angeles,Data Analyst,2023-02-01,41,112262.87111593412
Los Angeles,Data Analyst,2023-03-01,39,99001.98893831111
Los Angeles,Data Analyst,2023-04-01,32,108567.33814137989
Los Angeles,Data Analyst,2023-05-01,38,107472.88547619247
Los Angeles,Data Analyst,2023-06-01,31,95549.995316891
Los Angeles,Data Analyst,2023-07-01,39,114437.37428728491
Los Angeles,Data Analyst,2023-08-01,27,106733.59266389163
Los Angeles,Data Analyst,2023-09-01,47,112580.04107815215
Los Angeles,Data Analyst,2023-10-01,32,105387.81223632397
Los Angeles,Data Analyst,2023-11-01,24,100088.67715252563
Los Angeles,Data Analyst,2023-12-01,29,107044.93093304336
Los Angeles,Data Analyst,2024-01-01,58,111207.09776761942
Los Angeles,Data Analyst,2024-02-01,41,108975.00678920189
Los Angeles,Data Analyst,2024-03-01,38,104593.26453669928
Los Angeles,Data Analyst,2024-04-01,37,104284.51716410927
Los Angeles,Data Analyst,2024-05-01,44,107486.6590385791
Los Angeles,Data Analyst,2024-06-01,29,103934.68080041932
Los Angeles,Data Analyst,2024-07-01,28,107156.85818670318
Los Angeles,Data Analyst,2024-08-01,39,94596.788455965
Los Angeles,Product Manager,2023-01-01,38,92315.90781044216
Los Angeles,Product Manager,2023-02-01,25,82428.56913339347
Los Angeles,Product Manager,2023-03-01,32,77581.58750385046
Los Angeles,Product Manager,2023-04-01,30,90208.25680140406
Los Angeles,Product Manager,2023-05-01,31,84675.241670385
Los Angeles,Product Manager,2023-06-01,25,90410.84082126617
Los Angeles,Product Manager,2023-07-01,23,76230.66929597408
Los Angeles,Product Manager,2023-08-01,23,90408.0905640498
Los Angeles,Product Manager,2023-09-01,42,87735.47445237637
Los Angeles,Product Manager,2023-10-01,31,88532.81298279762
Los Angeles,Product Manager,2023-11-01,18,90108.37431047112
Los Angeles,Product Manager,2023-12-01,18,84012.4673338607
Los Angeles,Product Manager,2024-01-01,43,91154.51560858639
Los Angeles,Product Manager,2024-02-01,30,79095.65446078777
Los Angeles,Product Manager,2024-03-01,34,76055.37397619337
Los Angeles,Product Manager,2024-04-01,32,80905.32361138612
Los Angeles,Product Manager,2024-05-01,24,86689.88579437138
Los Angeles,Product Manager,2024-06-01,29,80886.81385237724
Los Angeles,Product Manager,2024-07-01,31,91466.95131529123
Los Angeles,Product Manager,2024-08-01,28,88686.70574147256
Los Angeles,UX Researcher,2023-01-01,22,54201.62995830178
Los Angeles,UX Researcher,2023-02-01,23,55794.43816430867
Los Angeles,UX Researcher,2023-03-01,21,55059.141746163376
Los Angeles,UX Researcher,2023-04-01,17,59094.939674064524
Los Angeles,UX Researcher,2023-05-01,22,55836.78246624768
Los Angeles,UX Researcher,2023-06-01,21,50571.34996652603
Los Angeles,UX Researcher,2023-07-01,17,57595.454505831
Los Angeles,UX Researcher,2023-08-01,17,53030.0958301872
Los Angeles,UX Researcher,2023-09-01,25,58766.689890250564
Los Angeles,UX Researcher,2023-10-01,18,53710.80259457231
Los Angeles,UX Researcher,2023-11-01,14,60549.64374601842
Los Angeles,UX Researcher,2023-12-01,15,59957.22900107504
Los Angeles,UX Researcher,2024-01-01,28,55573.99430200458
Los Angeles,UX Researcher,2024-02-01,20,51199.10038076341
Los Angeles,UX Researcher,2024-03-01,22,56871.40171378852
Los Angeles,UX Researcher,2024-04-01,22,56891.28854088486
Los Angeles,UX Researcher,2024-05-01,16,61528.05990166962
Los Angeles,UX Researcher,2024-06-01,17,54155.07344119251
Los Angeles,UX Researcher,2024-07-01,15,57868.17987076938
Los Angeles,UX Researcher,2024-08-01,20,60911.82722225786
Los Angeles,Program Manager,2023-01-01,38,71047.99568932503
Los Angeles,Program Manager,2023-02-01,25,72683.95979469642
Los Angeles,Program Manager,2023-03-01,29,64256.62021897733
Los Angeles,Program Manager,2023-04-01,26,75130.42942481117
Los Angeles,Program Manager,2023-05-01,27,70015.95155522229
Los Angeles,Program Manager,2023-06-01,23,66125.58797793463
Los Angeles,Program Manager,2023-07-01,25,68773.86938268319
Los Angeles,Program Manager,2023-08-01,26,75408.28791400419
Los Angeles,Program Manager,2023-09-01,39,69938.30812117085
Los Angeles,Program Manager,2023-10-01,21,72418.55218866841
Los Angeles,Program Manager,2023-11-01,14,66955.06213139743
Los Angeles,Program Manager,2023-12-01,14,74438.81624098869
Los Angeles,Program Manager,2024-01-01,37,66445.3923641704
Los Angeles,Program Manager,2024-02-01,26,68175.04671495408
Los Angeles,Program Manager,2024-03-01,23,66297.34153021127
Los Angeles,Program Manager,2024-04-01,30,76100.59696342798
Los Angeles,Program Manager,2024-05-01,26,68811.0755966045
Los Angeles,Program Manager,2024-06-01,23,64924.29167544469
Los Angeles,Program Manager,2024-07-01,21,75801.10612232238
Los Angeles,Program Manager,2024-08-01,21,67866.97926511988
Los Angeles,Policy Analyst,2023-01-01,29,59952.82580815256
Los Angeles,Policy Analyst,2023-02-01,16,51997.51400202513
Los Angeles,Policy Analyst,2023-03-01,19,54425.6481550634
Los Angeles,Policy Analyst,2023-04-01,23,53149.656756222255
Los Angeles,Policy Analyst,2023-05-01,22,50914.1466010362
Los Angeles,Policy Analyst,2023-06-01,19,59186.936504393816
Los Angeles,Policy Analyst,2023-07-01,17,52630.72342649103
Los Angeles,Policy Analyst,2023-08-01,18,54788.722735643394
Los Angeles,Policy Analyst,2023-09-01,24,54023.897140100606
Los Angeles,Policy Analyst,2023-10-01,22,57143.586136773236
Los Angeles,Policy Analyst,2023-11-01,16,56462.2428111732
Los Angeles,Policy Analyst,2023-12-01,12,61497.22580611706
Los Angeles,Policy Analyst,2024-01-01,29,53242.45975017548
Los Angeles,Policy Analyst,2024-02-01,21,58635.02280376852
Los Angeles,Policy Analyst,2024-03-01,24,61349.21140372754
Los Angeles,Policy Analyst,2024-04-01,17,56650.11790767312
Los Angeles,Policy Analyst,2024-05-01,20,54798.331386595964
Los Angeles,Policy Analyst,2024-06-01,21,59636.51970401406
Los Angeles,Policy Analyst,2024-07-01,21,51658.70596170426
Los Angeles,Policy Analyst,2024-08-01,15,56400.71252584458
Los Angeles,Civic Designer,2023-01-01,31,55370.9137506783
Los Angeles,Civic Designer,2023-02-01,20,53468.3207821101
Los Angeles,Civic Designer,2023-03-01,19,52162.4044008553
Los Angeles,Civic Designer,2023-04-01,19,60164.58642557264
Los Angeles,Civic Designer,2023-05-01,17,56694.90239135921
Los Angeles,Civic Designer,2023-06-01,16,56567.72529259324
Los Angeles,Civic Designer,2023-07-01,17,57034.49119888247
Los Angeles,Civic Designer,2023-08-01,17,58551.504062488675
Los Angeles,Civic Designer,2023-09-01,27,57555.96318766475
Los Angeles,Civic Designer,2023-10-01,18,57281.84184618294
Los Angeles,Civic Designer,2023-11-01,14,50987.068726494916
Los Angeles,Civic Designer,2023-12-01,12,56729.766833037145
Los Angeles,Civic Designer,2024-01-01,31,56978.223459422596
Los Angeles,Civic Designer,2024-02-01,16,57439.951241388924
Los Angeles,Civic Designer,2024-03-01,19,57365.17522409558
Los Angeles,Civic Designer,2024-04-01,24,51321.424470841885
Los Angeles,Civic Designer,2024-05-01,21,51269.597256183624
Los Angeles,Civic Designer,2024-06-01,15,58095.460525900126
Los Angeles,Civic Designer,2024-07-01,17,59699.40023459495
Los Angeles,Civic Designer,2024-08-01,17,52034.19060185552
